﻿<?xml version="1.0" encoding="UTF-8" standalone="yes"?>
<addon id="repository.exodus" name="Exodus repository" version="3.0.1" provider-name="Exodus">
	<extension point="xbmc.addon.repository" name="Exodus repository">
	<dir>
        <info compressed="false">https://github.com/lastship/ExodusRepo/raw/master/addons.xml</info>
        <checksum>https://github.com/lastship/ExodusRepo/raw/master/addons.xml.md5</checksum>
        <datadir zip="true">https://github.com/lastship/ExodusRepo/raw/master/zips/</datadir>
	</dir>
    <dir>
		<info compressed="false">https://github.com/lastship/tva-common/raw/master/addons.xml</info>
		<checksum>https://github.com/lastship/tva-common/raw/master/addons.xml.md5</checksum>
		<datadir zip="true">https://github.com/lastship/tva-common/raw/master/zips/</datadir>
    </dir>
	</extension>
	<extension point="xbmc.addon.metadata">
		<summary lang="en">Exodus repository</summary>
		<description lang="en">Exodus repository</description>
		<platform>all</platform>
		<forum>http://xstream-addon.square7.ch/</forum>
   	</extension>
</addon>